sample,varType,context,count
BGISEQ500_LAB01_Father_REP01,nonSNPs,Alu,101722
BGISEQ500_LAB01_Father_REP01,nonSNPs,L1,79107
BGISEQ500_LAB01_Father_REP01,nonSNPs,L2,10734
BGISEQ500_LAB01_Father_REP01,nonSNPs,lowcomplexity,3725
BGISEQ500_LAB01_Father_REP01,nonSNPs,LTR,28203
BGISEQ500_LAB01_Father_REP01,nonSNPs,satellite,139
BGISEQ500_LAB01_Father_REP01,nonSNPs,simplerepeat,67637
BGISEQ500_LAB01_Father_REP01,SNPs,Alu,414384
BGISEQ500_LAB01_Father_REP01,SNPs,L1,604186
BGISEQ500_LAB01_Father_REP01,SNPs,L2,114717
BGISEQ500_LAB01_Father_REP01,SNPs,lowcomplexity,4617
BGISEQ500_LAB01_Father_REP01,SNPs,LTR,334794
BGISEQ500_LAB01_Father_REP01,SNPs,satellite,1850
BGISEQ500_LAB01_Father_REP01,SNPs,simplerepeat,30762
BGISEQ500_LAB01_Mother_REP01,nonSNPs,Alu,104370
BGISEQ500_LAB01_Mother_REP01,nonSNPs,L1,80041
BGISEQ500_LAB01_Mother_REP01,nonSNPs,L2,10933
BGISEQ500_LAB01_Mother_REP01,nonSNPs,lowcomplexity,3696
BGISEQ500_LAB01_Mother_REP01,nonSNPs,LTR,28524
BGISEQ500_LAB01_Mother_REP01,nonSNPs,satellite,148
BGISEQ500_LAB01_Mother_REP01,nonSNPs,simplerepeat,68223
BGISEQ500_LAB01_Mother_REP01,SNPs,Alu,414382
BGISEQ500_LAB01_Mother_REP01,SNPs,L1,610931
BGISEQ500_LAB01_Mother_REP01,SNPs,L2,115669
BGISEQ500_LAB01_Mother_REP01,SNPs,lowcomplexity,4568
BGISEQ500_LAB01_Mother_REP01,SNPs,LTR,338468
BGISEQ500_LAB01_Mother_REP01,SNPs,satellite,1855
BGISEQ500_LAB01_Mother_REP01,SNPs,simplerepeat,30629
BGISEQ500_LAB01_Son_REP01,nonSNPs,Alu,105423
BGISEQ500_LAB01_Son_REP01,nonSNPs,L1,81271
BGISEQ500_LAB01_Son_REP01,nonSNPs,L2,11038
BGISEQ500_LAB01_Son_REP01,nonSNPs,lowcomplexity,4175
BGISEQ500_LAB01_Son_REP01,nonSNPs,LTR,29007
BGISEQ500_LAB01_Son_REP01,nonSNPs,satellite,248
BGISEQ500_LAB01_Son_REP01,nonSNPs,simplerepeat,74348
BGISEQ500_LAB01_Son_REP01,SNPs,Alu,421830
BGISEQ500_LAB01_Son_REP01,SNPs,L1,609705
BGISEQ500_LAB01_Son_REP01,SNPs,L2,115126
BGISEQ500_LAB01_Son_REP01,SNPs,lowcomplexity,4994
BGISEQ500_LAB01_Son_REP01,SNPs,LTR,339627
BGISEQ500_LAB01_Son_REP01,SNPs,satellite,2544
BGISEQ500_LAB01_Son_REP01,SNPs,simplerepeat,33882
HiSeq2500_LAB01_Father_REP01,nonSNPs,Alu,88644
HiSeq2500_LAB01_Father_REP01,nonSNPs,L1,78183
HiSeq2500_LAB01_Father_REP01,nonSNPs,L2,10525
HiSeq2500_LAB01_Father_REP01,nonSNPs,lowcomplexity,3717
HiSeq2500_LAB01_Father_REP01,nonSNPs,LTR,27701
HiSeq2500_LAB01_Father_REP01,nonSNPs,satellite,141
HiSeq2500_LAB01_Father_REP01,nonSNPs,simplerepeat,64434
HiSeq2500_LAB01_Father_REP01,SNPs,Alu,413929
HiSeq2500_LAB01_Father_REP01,SNPs,L1,614053
HiSeq2500_LAB01_Father_REP01,SNPs,L2,114858
HiSeq2500_LAB01_Father_REP01,SNPs,lowcomplexity,4640
HiSeq2500_LAB01_Father_REP01,SNPs,LTR,335833
HiSeq2500_LAB01_Father_REP01,SNPs,satellite,1863
HiSeq2500_LAB01_Father_REP01,SNPs,simplerepeat,30767
HiSeq2500_LAB01_Mother_REP01,nonSNPs,Alu,89471
HiSeq2500_LAB01_Mother_REP01,nonSNPs,L1,78923
HiSeq2500_LAB01_Mother_REP01,nonSNPs,L2,10709
HiSeq2500_LAB01_Mother_REP01,nonSNPs,lowcomplexity,3681
HiSeq2500_LAB01_Mother_REP01,nonSNPs,LTR,28060
HiSeq2500_LAB01_Mother_REP01,nonSNPs,satellite,148
HiSeq2500_LAB01_Mother_REP01,nonSNPs,simplerepeat,64668
HiSeq2500_LAB01_Mother_REP01,SNPs,Alu,413839
HiSeq2500_LAB01_Mother_REP01,SNPs,L1,620328
HiSeq2500_LAB01_Mother_REP01,SNPs,L2,115817
HiSeq2500_LAB01_Mother_REP01,SNPs,lowcomplexity,4592
HiSeq2500_LAB01_Mother_REP01,SNPs,LTR,339538
HiSeq2500_LAB01_Mother_REP01,SNPs,satellite,1857
HiSeq2500_LAB01_Mother_REP01,SNPs,simplerepeat,30711
HiSeq2500_LAB01_Son_REP01,nonSNPs,Alu,92446
HiSeq2500_LAB01_Son_REP01,nonSNPs,L1,80037
HiSeq2500_LAB01_Son_REP01,nonSNPs,L2,10875
HiSeq2500_LAB01_Son_REP01,nonSNPs,lowcomplexity,4230
HiSeq2500_LAB01_Son_REP01,nonSNPs,LTR,28509
HiSeq2500_LAB01_Son_REP01,nonSNPs,satellite,248
HiSeq2500_LAB01_Son_REP01,nonSNPs,simplerepeat,71359
HiSeq2500_LAB01_Son_REP01,SNPs,Alu,421857
HiSeq2500_LAB01_Son_REP01,SNPs,L1,618473
HiSeq2500_LAB01_Son_REP01,SNPs,L2,115252
HiSeq2500_LAB01_Son_REP01,SNPs,lowcomplexity,5044
HiSeq2500_LAB01_Son_REP01,SNPs,LTR,340830
HiSeq2500_LAB01_Son_REP01,SNPs,satellite,2555
HiSeq2500_LAB01_Son_REP01,SNPs,simplerepeat,34000
HiSeq2500_LAB01_Son_REP02,nonSNPs,Alu,92624
HiSeq2500_LAB01_Son_REP02,nonSNPs,L1,80431
HiSeq2500_LAB01_Son_REP02,nonSNPs,L2,10819
HiSeq2500_LAB01_Son_REP02,nonSNPs,lowcomplexity,4236
HiSeq2500_LAB01_Son_REP02,nonSNPs,LTR,28481
HiSeq2500_LAB01_Son_REP02,nonSNPs,satellite,246
HiSeq2500_LAB01_Son_REP02,nonSNPs,simplerepeat,71329
HiSeq2500_LAB01_Son_REP02,SNPs,Alu,421365
HiSeq2500_LAB01_Son_REP02,SNPs,L1,619589
HiSeq2500_LAB01_Son_REP02,SNPs,L2,115235
HiSeq2500_LAB01_Son_REP02,SNPs,lowcomplexity,5043
HiSeq2500_LAB01_Son_REP02,SNPs,LTR,340732
HiSeq2500_LAB01_Son_REP02,SNPs,satellite,2563
HiSeq2500_LAB01_Son_REP02,SNPs,simplerepeat,33987
HiSeq2500_LAB01_Son_REP03,nonSNPs,Alu,92809
HiSeq2500_LAB01_Son_REP03,nonSNPs,L1,80318
HiSeq2500_LAB01_Son_REP03,nonSNPs,L2,10866
HiSeq2500_LAB01_Son_REP03,nonSNPs,lowcomplexity,4240
HiSeq2500_LAB01_Son_REP03,nonSNPs,LTR,28519
HiSeq2500_LAB01_Son_REP03,nonSNPs,satellite,246
HiSeq2500_LAB01_Son_REP03,nonSNPs,simplerepeat,71306
HiSeq2500_LAB01_Son_REP03,SNPs,Alu,421794
HiSeq2500_LAB01_Son_REP03,SNPs,L1,619932
HiSeq2500_LAB01_Son_REP03,SNPs,L2,115264
HiSeq2500_LAB01_Son_REP03,SNPs,lowcomplexity,5046
HiSeq2500_LAB01_Son_REP03,SNPs,LTR,340961
HiSeq2500_LAB01_Son_REP03,SNPs,satellite,2563
HiSeq2500_LAB01_Son_REP03,SNPs,simplerepeat,34010
HiSeq2500_LAB02_Father_REP01,nonSNPs,Alu,88919
HiSeq2500_LAB02_Father_REP01,nonSNPs,L1,78415
HiSeq2500_LAB02_Father_REP01,nonSNPs,L2,10573
HiSeq2500_LAB02_Father_REP01,nonSNPs,lowcomplexity,3756
HiSeq2500_LAB02_Father_REP01,nonSNPs,LTR,27744
HiSeq2500_LAB02_Father_REP01,nonSNPs,satellite,140
HiSeq2500_LAB02_Father_REP01,nonSNPs,simplerepeat,65257
HiSeq2500_LAB02_Father_REP01,SNPs,Alu,413533
HiSeq2500_LAB02_Father_REP01,SNPs,L1,614012
HiSeq2500_LAB02_Father_REP01,SNPs,L2,114861
HiSeq2500_LAB02_Father_REP01,SNPs,lowcomplexity,4637
HiSeq2500_LAB02_Father_REP01,SNPs,LTR,335803
HiSeq2500_LAB02_Father_REP01,SNPs,satellite,1861
HiSeq2500_LAB02_Father_REP01,SNPs,simplerepeat,30802
HiSeq2500_LAB02_Mother_REP01,nonSNPs,Alu,89598
HiSeq2500_LAB02_Mother_REP01,nonSNPs,L1,79139
HiSeq2500_LAB02_Mother_REP01,nonSNPs,L2,10739
HiSeq2500_LAB02_Mother_REP01,nonSNPs,lowcomplexity,3682
HiSeq2500_LAB02_Mother_REP01,nonSNPs,LTR,28053
HiSeq2500_LAB02_Mother_REP01,nonSNPs,satellite,147
HiSeq2500_LAB02_Mother_REP01,nonSNPs,simplerepeat,65484
HiSeq2500_LAB02_Mother_REP01,SNPs,Alu,413264
HiSeq2500_LAB02_Mother_REP01,SNPs,L1,620824
HiSeq2500_LAB02_Mother_REP01,SNPs,L2,115807
HiSeq2500_LAB02_Mother_REP01,SNPs,lowcomplexity,4596
HiSeq2500_LAB02_Mother_REP01,SNPs,LTR,339635
HiSeq2500_LAB02_Mother_REP01,SNPs,satellite,1860
HiSeq2500_LAB02_Mother_REP01,SNPs,simplerepeat,30756
HiSeq2500_LAB02_Son_REP01,nonSNPs,Alu,92403
HiSeq2500_LAB02_Son_REP01,nonSNPs,L1,80487
HiSeq2500_LAB02_Son_REP01,nonSNPs,L2,10871
HiSeq2500_LAB02_Son_REP01,nonSNPs,lowcomplexity,4294
HiSeq2500_LAB02_Son_REP01,nonSNPs,LTR,28473
HiSeq2500_LAB02_Son_REP01,nonSNPs,satellite,247
HiSeq2500_LAB02_Son_REP01,nonSNPs,simplerepeat,72355
HiSeq2500_LAB02_Son_REP01,SNPs,Alu,421071
HiSeq2500_LAB02_Son_REP01,SNPs,L1,618655
HiSeq2500_LAB02_Son_REP01,SNPs,L2,115228
HiSeq2500_LAB02_Son_REP01,SNPs,lowcomplexity,5047
HiSeq2500_LAB02_Son_REP01,SNPs,LTR,340724
HiSeq2500_LAB02_Son_REP01,SNPs,satellite,2563
HiSeq2500_LAB02_Son_REP01,SNPs,simplerepeat,34089
HiSeq2500_LAB02_Son_REP02,nonSNPs,Alu,92505
HiSeq2500_LAB02_Son_REP02,nonSNPs,L1,80639
HiSeq2500_LAB02_Son_REP02,nonSNPs,L2,10861
HiSeq2500_LAB02_Son_REP02,nonSNPs,lowcomplexity,4274
HiSeq2500_LAB02_Son_REP02,nonSNPs,LTR,28542
HiSeq2500_LAB02_Son_REP02,nonSNPs,satellite,249
HiSeq2500_LAB02_Son_REP02,nonSNPs,simplerepeat,72314
HiSeq2500_LAB02_Son_REP02,SNPs,Alu,420569
HiSeq2500_LAB02_Son_REP02,SNPs,L1,619398
HiSeq2500_LAB02_Son_REP02,SNPs,L2,115210
HiSeq2500_LAB02_Son_REP02,SNPs,lowcomplexity,5032
HiSeq2500_LAB02_Son_REP02,SNPs,LTR,340644
HiSeq2500_LAB02_Son_REP02,SNPs,satellite,2556
HiSeq2500_LAB02_Son_REP02,SNPs,simplerepeat,34066
HiSeq2500_LAB02_Son_REP03,nonSNPs,Alu,81717
HiSeq2500_LAB02_Son_REP03,nonSNPs,L1,77313
HiSeq2500_LAB02_Son_REP03,nonSNPs,L2,10514
HiSeq2500_LAB02_Son_REP03,nonSNPs,lowcomplexity,3981
HiSeq2500_LAB02_Son_REP03,nonSNPs,LTR,27492
HiSeq2500_LAB02_Son_REP03,nonSNPs,satellite,236
HiSeq2500_LAB02_Son_REP03,nonSNPs,simplerepeat,65421
HiSeq2500_LAB02_Son_REP03,SNPs,Alu,415076
HiSeq2500_LAB02_Son_REP03,SNPs,L1,612498
HiSeq2500_LAB02_Son_REP03,SNPs,L2,114792
HiSeq2500_LAB02_Son_REP03,SNPs,lowcomplexity,4987
HiSeq2500_LAB02_Son_REP03,SNPs,LTR,339009
HiSeq2500_LAB02_Son_REP03,SNPs,satellite,2542
HiSeq2500_LAB02_Son_REP03,SNPs,simplerepeat,33586
HiSeq2500_LAB03_Father_REP01,nonSNPs,Alu,92334
HiSeq2500_LAB03_Father_REP01,nonSNPs,L1,78187
HiSeq2500_LAB03_Father_REP01,nonSNPs,L2,10514
HiSeq2500_LAB03_Father_REP01,nonSNPs,lowcomplexity,3727
HiSeq2500_LAB03_Father_REP01,nonSNPs,LTR,27615
HiSeq2500_LAB03_Father_REP01,nonSNPs,satellite,138
HiSeq2500_LAB03_Father_REP01,nonSNPs,simplerepeat,63449
HiSeq2500_LAB03_Father_REP01,SNPs,Alu,413095
HiSeq2500_LAB03_Father_REP01,SNPs,L1,607101
HiSeq2500_LAB03_Father_REP01,SNPs,L2,114757
HiSeq2500_LAB03_Father_REP01,SNPs,lowcomplexity,4631
HiSeq2500_LAB03_Father_REP01,SNPs,LTR,334881
HiSeq2500_LAB03_Father_REP01,SNPs,satellite,1850
HiSeq2500_LAB03_Father_REP01,SNPs,simplerepeat,30744
HiSeq2500_LAB03_Mother_REP01,nonSNPs,Alu,93628
HiSeq2500_LAB03_Mother_REP01,nonSNPs,L1,78853
HiSeq2500_LAB03_Mother_REP01,nonSNPs,L2,10697
HiSeq2500_LAB03_Mother_REP01,nonSNPs,lowcomplexity,3677
HiSeq2500_LAB03_Mother_REP01,nonSNPs,LTR,27924
HiSeq2500_LAB03_Mother_REP01,nonSNPs,satellite,148
HiSeq2500_LAB03_Mother_REP01,nonSNPs,simplerepeat,63793
HiSeq2500_LAB03_Mother_REP01,SNPs,Alu,412939
HiSeq2500_LAB03_Mother_REP01,SNPs,L1,613947
HiSeq2500_LAB03_Mother_REP01,SNPs,L2,115680
HiSeq2500_LAB03_Mother_REP01,SNPs,lowcomplexity,4584
HiSeq2500_LAB03_Mother_REP01,SNPs,LTR,338584
HiSeq2500_LAB03_Mother_REP01,SNPs,satellite,1849
HiSeq2500_LAB03_Mother_REP01,SNPs,simplerepeat,30648
HiSeq2500_LAB03_Son_REP01,nonSNPs,Alu,91813
HiSeq2500_LAB03_Son_REP01,nonSNPs,L1,78939
HiSeq2500_LAB03_Son_REP01,nonSNPs,L2,10683
HiSeq2500_LAB03_Son_REP01,nonSNPs,lowcomplexity,4130
HiSeq2500_LAB03_Son_REP01,nonSNPs,LTR,28006
HiSeq2500_LAB03_Son_REP01,nonSNPs,satellite,242
HiSeq2500_LAB03_Son_REP01,nonSNPs,simplerepeat,67350
HiSeq2500_LAB03_Son_REP01,SNPs,Alu,419299
HiSeq2500_LAB03_Son_REP01,SNPs,L1,609147
HiSeq2500_LAB03_Son_REP01,SNPs,L2,115072
HiSeq2500_LAB03_Son_REP01,SNPs,lowcomplexity,5005
HiSeq2500_LAB03_Son_REP01,SNPs,LTR,339337
HiSeq2500_LAB03_Son_REP01,SNPs,satellite,2539
HiSeq2500_LAB03_Son_REP01,SNPs,simplerepeat,33696
HiSeq2500_LAB03_Son_REP02,nonSNPs,Alu,96109
HiSeq2500_LAB03_Son_REP02,nonSNPs,L1,80405
HiSeq2500_LAB03_Son_REP02,nonSNPs,L2,10789
HiSeq2500_LAB03_Son_REP02,nonSNPs,lowcomplexity,4216
HiSeq2500_LAB03_Son_REP02,nonSNPs,LTR,28308
HiSeq2500_LAB03_Son_REP02,nonSNPs,satellite,243
HiSeq2500_LAB03_Son_REP02,nonSNPs,simplerepeat,70113
HiSeq2500_LAB03_Son_REP02,SNPs,Alu,420131
HiSeq2500_LAB03_Son_REP02,SNPs,L1,613362
HiSeq2500_LAB03_Son_REP02,SNPs,L2,115119
HiSeq2500_LAB03_Son_REP02,SNPs,lowcomplexity,5013
HiSeq2500_LAB03_Son_REP02,SNPs,LTR,339727
HiSeq2500_LAB03_Son_REP02,SNPs,satellite,2548
HiSeq2500_LAB03_Son_REP02,SNPs,simplerepeat,33868
HiSeq2500_LAB03_Son_REP03,nonSNPs,Alu,80975
HiSeq2500_LAB03_Son_REP03,nonSNPs,L1,73816
HiSeq2500_LAB03_Son_REP03,nonSNPs,L2,10028
HiSeq2500_LAB03_Son_REP03,nonSNPs,lowcomplexity,3714
HiSeq2500_LAB03_Son_REP03,nonSNPs,LTR,25984
HiSeq2500_LAB03_Son_REP03,nonSNPs,satellite,216
HiSeq2500_LAB03_Son_REP03,nonSNPs,simplerepeat,59861
HiSeq2500_LAB03_Son_REP03,SNPs,Alu,397165
HiSeq2500_LAB03_Son_REP03,SNPs,L1,584412
HiSeq2500_LAB03_Son_REP03,SNPs,L2,111772
HiSeq2500_LAB03_Son_REP03,SNPs,lowcomplexity,4778
HiSeq2500_LAB03_Son_REP03,SNPs,LTR,327068
HiSeq2500_LAB03_Son_REP03,SNPs,satellite,2414
HiSeq2500_LAB03_Son_REP03,SNPs,simplerepeat,31820
HiSeq4000_LAB01_Father_REP01,nonSNPs,Alu,91927
HiSeq4000_LAB01_Father_REP01,nonSNPs,L1,78983
HiSeq4000_LAB01_Father_REP01,nonSNPs,L2,10634
HiSeq4000_LAB01_Father_REP01,nonSNPs,lowcomplexity,3759
HiSeq4000_LAB01_Father_REP01,nonSNPs,LTR,28097
HiSeq4000_LAB01_Father_REP01,nonSNPs,satellite,145
HiSeq4000_LAB01_Father_REP01,nonSNPs,simplerepeat,67909
HiSeq4000_LAB01_Father_REP01,SNPs,Alu,414548
HiSeq4000_LAB01_Father_REP01,SNPs,L1,616771
HiSeq4000_LAB01_Father_REP01,SNPs,L2,114937
HiSeq4000_LAB01_Father_REP01,SNPs,lowcomplexity,4649
HiSeq4000_LAB01_Father_REP01,SNPs,LTR,336183
HiSeq4000_LAB01_Father_REP01,SNPs,satellite,1865
HiSeq4000_LAB01_Father_REP01,SNPs,simplerepeat,30909
HiSeq4000_LAB01_Mother_REP01,nonSNPs,Alu,92243
HiSeq4000_LAB01_Mother_REP01,nonSNPs,L1,79706
HiSeq4000_LAB01_Mother_REP01,nonSNPs,L2,10830
HiSeq4000_LAB01_Mother_REP01,nonSNPs,lowcomplexity,3672
HiSeq4000_LAB01_Mother_REP01,nonSNPs,LTR,28400
HiSeq4000_LAB01_Mother_REP01,nonSNPs,satellite,150
HiSeq4000_LAB01_Mother_REP01,nonSNPs,simplerepeat,68304
HiSeq4000_LAB01_Mother_REP01,SNPs,Alu,414313
HiSeq4000_LAB01_Mother_REP01,SNPs,L1,624340
HiSeq4000_LAB01_Mother_REP01,SNPs,L2,115873
HiSeq4000_LAB01_Mother_REP01,SNPs,lowcomplexity,4604
HiSeq4000_LAB01_Mother_REP01,SNPs,LTR,340075
HiSeq4000_LAB01_Mother_REP01,SNPs,satellite,1864
HiSeq4000_LAB01_Mother_REP01,SNPs,simplerepeat,30842
HiSeq4000_LAB01_Son_REP01,nonSNPs,Alu,87497
HiSeq4000_LAB01_Son_REP01,nonSNPs,L1,79104
HiSeq4000_LAB01_Son_REP01,nonSNPs,L2,10782
HiSeq4000_LAB01_Son_REP01,nonSNPs,lowcomplexity,4099
HiSeq4000_LAB01_Son_REP01,nonSNPs,LTR,28450
HiSeq4000_LAB01_Son_REP01,nonSNPs,satellite,250
HiSeq4000_LAB01_Son_REP01,nonSNPs,simplerepeat,73364
HiSeq4000_LAB01_Son_REP01,SNPs,Alu,420662
HiSeq4000_LAB01_Son_REP01,SNPs,L1,618397
HiSeq4000_LAB01_Son_REP01,SNPs,L2,115205
HiSeq4000_LAB01_Son_REP01,SNPs,lowcomplexity,5039
HiSeq4000_LAB01_Son_REP01,SNPs,LTR,340790
HiSeq4000_LAB01_Son_REP01,SNPs,satellite,2568
HiSeq4000_LAB01_Son_REP01,SNPs,simplerepeat,34017
HiSeq4000_LAB01_Son_REP02,nonSNPs,Alu,95647
HiSeq4000_LAB01_Son_REP02,nonSNPs,L1,80681
HiSeq4000_LAB01_Son_REP02,nonSNPs,L2,10894
HiSeq4000_LAB01_Son_REP02,nonSNPs,lowcomplexity,4308
HiSeq4000_LAB01_Son_REP02,nonSNPs,LTR,28863
HiSeq4000_LAB01_Son_REP02,nonSNPs,satellite,252
HiSeq4000_LAB01_Son_REP02,nonSNPs,simplerepeat,75199
HiSeq4000_LAB01_Son_REP02,SNPs,Alu,422326
HiSeq4000_LAB01_Son_REP02,SNPs,L1,621933
HiSeq4000_LAB01_Son_REP02,SNPs,L2,115281
HiSeq4000_LAB01_Son_REP02,SNPs,lowcomplexity,5056
HiSeq4000_LAB01_Son_REP02,SNPs,LTR,341213
HiSeq4000_LAB01_Son_REP02,SNPs,satellite,2570
HiSeq4000_LAB01_Son_REP02,SNPs,simplerepeat,34164
HiSeq4000_LAB01_Son_REP03,nonSNPs,Alu,96515
HiSeq4000_LAB01_Son_REP03,nonSNPs,L1,80012
HiSeq4000_LAB01_Son_REP03,nonSNPs,L2,10931
HiSeq4000_LAB01_Son_REP03,nonSNPs,lowcomplexity,4289
HiSeq4000_LAB01_Son_REP03,nonSNPs,LTR,28847
HiSeq4000_LAB01_Son_REP03,nonSNPs,satellite,251
HiSeq4000_LAB01_Son_REP03,nonSNPs,simplerepeat,74894
HiSeq4000_LAB01_Son_REP03,SNPs,Alu,422630
HiSeq4000_LAB01_Son_REP03,SNPs,L1,622426
HiSeq4000_LAB01_Son_REP03,SNPs,L2,115279
HiSeq4000_LAB01_Son_REP03,SNPs,lowcomplexity,5054
HiSeq4000_LAB01_Son_REP03,SNPs,LTR,341362
HiSeq4000_LAB01_Son_REP03,SNPs,satellite,2570
HiSeq4000_LAB01_Son_REP03,SNPs,simplerepeat,34129
HiSeq4000_LAB02_Father_REP01,nonSNPs,Alu,96223
HiSeq4000_LAB02_Father_REP01,nonSNPs,L1,79622
HiSeq4000_LAB02_Father_REP01,nonSNPs,L2,10716
HiSeq4000_LAB02_Father_REP01,nonSNPs,lowcomplexity,3843
HiSeq4000_LAB02_Father_REP01,nonSNPs,LTR,28284
HiSeq4000_LAB02_Father_REP01,nonSNPs,satellite,146
HiSeq4000_LAB02_Father_REP01,nonSNPs,simplerepeat,68550
HiSeq4000_LAB02_Father_REP01,SNPs,Alu,415077
HiSeq4000_LAB02_Father_REP01,SNPs,L1,616637
HiSeq4000_LAB02_Father_REP01,SNPs,L2,114910
HiSeq4000_LAB02_Father_REP01,SNPs,lowcomplexity,4648
HiSeq4000_LAB02_Father_REP01,SNPs,LTR,336143
HiSeq4000_LAB02_Father_REP01,SNPs,satellite,1859
HiSeq4000_LAB02_Father_REP01,SNPs,simplerepeat,30935
HiSeq4000_LAB02_Mother_REP01,nonSNPs,Alu,98745
HiSeq4000_LAB02_Mother_REP01,nonSNPs,L1,80396
HiSeq4000_LAB02_Mother_REP01,nonSNPs,L2,10923
HiSeq4000_LAB02_Mother_REP01,nonSNPs,lowcomplexity,3807
HiSeq4000_LAB02_Mother_REP01,nonSNPs,LTR,28647
HiSeq4000_LAB02_Mother_REP01,nonSNPs,satellite,151
HiSeq4000_LAB02_Mother_REP01,nonSNPs,simplerepeat,69409
HiSeq4000_LAB02_Mother_REP01,SNPs,Alu,415176
HiSeq4000_LAB02_Mother_REP01,SNPs,L1,623054
HiSeq4000_LAB02_Mother_REP01,SNPs,L2,115855
HiSeq4000_LAB02_Mother_REP01,SNPs,lowcomplexity,4606
HiSeq4000_LAB02_Mother_REP01,SNPs,LTR,339977
HiSeq4000_LAB02_Mother_REP01,SNPs,satellite,1863
HiSeq4000_LAB02_Mother_REP01,SNPs,simplerepeat,30878
HiSeq4000_LAB02_Son_REP01,nonSNPs,Alu,100494
HiSeq4000_LAB02_Son_REP01,nonSNPs,L1,81566
HiSeq4000_LAB02_Son_REP01,nonSNPs,L2,11054
HiSeq4000_LAB02_Son_REP01,nonSNPs,lowcomplexity,4403
HiSeq4000_LAB02_Son_REP01,nonSNPs,LTR,29115
HiSeq4000_LAB02_Son_REP01,nonSNPs,satellite,253
HiSeq4000_LAB02_Son_REP01,nonSNPs,simplerepeat,76213
HiSeq4000_LAB02_Son_REP01,SNPs,Alu,422753
HiSeq4000_LAB02_Son_REP01,SNPs,L1,620806
HiSeq4000_LAB02_Son_REP01,SNPs,L2,115265
HiSeq4000_LAB02_Son_REP01,SNPs,lowcomplexity,5053
HiSeq4000_LAB02_Son_REP01,SNPs,LTR,341080
HiSeq4000_LAB02_Son_REP01,SNPs,satellite,2567
HiSeq4000_LAB02_Son_REP01,SNPs,simplerepeat,34178
HiSeq4000_LAB02_Son_REP02,nonSNPs,Alu,100395
HiSeq4000_LAB02_Son_REP02,nonSNPs,L1,81910
HiSeq4000_LAB02_Son_REP02,nonSNPs,L2,11026
HiSeq4000_LAB02_Son_REP02,nonSNPs,lowcomplexity,4410
HiSeq4000_LAB02_Son_REP02,nonSNPs,LTR,29144
HiSeq4000_LAB02_Son_REP02,nonSNPs,satellite,252
HiSeq4000_LAB02_Son_REP02,nonSNPs,simplerepeat,76354
HiSeq4000_LAB02_Son_REP02,SNPs,Alu,422555
HiSeq4000_LAB02_Son_REP02,SNPs,L1,622014
HiSeq4000_LAB02_Son_REP02,SNPs,L2,115282
HiSeq4000_LAB02_Son_REP02,SNPs,lowcomplexity,5063
HiSeq4000_LAB02_Son_REP02,SNPs,LTR,341137
HiSeq4000_LAB02_Son_REP02,SNPs,satellite,2562
HiSeq4000_LAB02_Son_REP02,SNPs,simplerepeat,34238
HiSeq4000_LAB02_Son_REP03,nonSNPs,Alu,100445
HiSeq4000_LAB02_Son_REP03,nonSNPs,L1,81724
HiSeq4000_LAB02_Son_REP03,nonSNPs,L2,11041
HiSeq4000_LAB02_Son_REP03,nonSNPs,lowcomplexity,4363
HiSeq4000_LAB02_Son_REP03,nonSNPs,LTR,29120
HiSeq4000_LAB02_Son_REP03,nonSNPs,satellite,253
HiSeq4000_LAB02_Son_REP03,nonSNPs,simplerepeat,76212
HiSeq4000_LAB02_Son_REP03,SNPs,Alu,422806
HiSeq4000_LAB02_Son_REP03,SNPs,L1,622700
HiSeq4000_LAB02_Son_REP03,SNPs,L2,115314
HiSeq4000_LAB02_Son_REP03,SNPs,lowcomplexity,5058
HiSeq4000_LAB02_Son_REP03,SNPs,LTR,341256
HiSeq4000_LAB02_Son_REP03,SNPs,satellite,2571
HiSeq4000_LAB02_Son_REP03,SNPs,simplerepeat,34214
HiSeq4000_LAB03_Father_REP01,nonSNPs,Alu,95669
HiSeq4000_LAB03_Father_REP01,nonSNPs,L1,79423
HiSeq4000_LAB03_Father_REP01,nonSNPs,L2,10687
HiSeq4000_LAB03_Father_REP01,nonSNPs,lowcomplexity,3831
HiSeq4000_LAB03_Father_REP01,nonSNPs,LTR,28237
HiSeq4000_LAB03_Father_REP01,nonSNPs,satellite,147
HiSeq4000_LAB03_Father_REP01,nonSNPs,simplerepeat,68376
HiSeq4000_LAB03_Father_REP01,SNPs,Alu,414696
HiSeq4000_LAB03_Father_REP01,SNPs,L1,616559
HiSeq4000_LAB03_Father_REP01,SNPs,L2,114884
HiSeq4000_LAB03_Father_REP01,SNPs,lowcomplexity,4652
HiSeq4000_LAB03_Father_REP01,SNPs,LTR,336022
HiSeq4000_LAB03_Father_REP01,SNPs,satellite,1864
HiSeq4000_LAB03_Father_REP01,SNPs,simplerepeat,30945
HiSeq4000_LAB03_Mother_REP01,nonSNPs,Alu,97747
HiSeq4000_LAB03_Mother_REP01,nonSNPs,L1,80095
HiSeq4000_LAB03_Mother_REP01,nonSNPs,L2,10886
HiSeq4000_LAB03_Mother_REP01,nonSNPs,lowcomplexity,3763
HiSeq4000_LAB03_Mother_REP01,nonSNPs,LTR,28596
HiSeq4000_LAB03_Mother_REP01,nonSNPs,satellite,150
HiSeq4000_LAB03_Mother_REP01,nonSNPs,simplerepeat,69040
HiSeq4000_LAB03_Mother_REP01,SNPs,Alu,414982
HiSeq4000_LAB03_Mother_REP01,SNPs,L1,623080
HiSeq4000_LAB03_Mother_REP01,SNPs,L2,115858
HiSeq4000_LAB03_Mother_REP01,SNPs,lowcomplexity,4613
HiSeq4000_LAB03_Mother_REP01,SNPs,LTR,339918
HiSeq4000_LAB03_Mother_REP01,SNPs,satellite,1856
HiSeq4000_LAB03_Mother_REP01,SNPs,simplerepeat,30853
HiSeq4000_LAB03_Son_REP01,nonSNPs,Alu,99494
HiSeq4000_LAB03_Son_REP01,nonSNPs,L1,81219
HiSeq4000_LAB03_Son_REP01,nonSNPs,L2,11039
HiSeq4000_LAB03_Son_REP01,nonSNPs,lowcomplexity,4364
HiSeq4000_LAB03_Son_REP01,nonSNPs,LTR,29043
HiSeq4000_LAB03_Son_REP01,nonSNPs,satellite,253
HiSeq4000_LAB03_Son_REP01,nonSNPs,simplerepeat,75684
HiSeq4000_LAB03_Son_REP01,SNPs,Alu,422687
HiSeq4000_LAB03_Son_REP01,SNPs,L1,621856
HiSeq4000_LAB03_Son_REP01,SNPs,L2,115270
HiSeq4000_LAB03_Son_REP01,SNPs,lowcomplexity,5059
HiSeq4000_LAB03_Son_REP01,SNPs,LTR,341213
HiSeq4000_LAB03_Son_REP01,SNPs,satellite,2569
HiSeq4000_LAB03_Son_REP01,SNPs,simplerepeat,34179
HiSeq4000_LAB03_Son_REP02,nonSNPs,Alu,99347
HiSeq4000_LAB03_Son_REP02,nonSNPs,L1,81588
HiSeq4000_LAB03_Son_REP02,nonSNPs,L2,11022
HiSeq4000_LAB03_Son_REP02,nonSNPs,lowcomplexity,4386
HiSeq4000_LAB03_Son_REP02,nonSNPs,LTR,29036
HiSeq4000_LAB03_Son_REP02,nonSNPs,satellite,250
HiSeq4000_LAB03_Son_REP02,nonSNPs,simplerepeat,75896
HiSeq4000_LAB03_Son_REP02,SNPs,Alu,422480
HiSeq4000_LAB03_Son_REP02,SNPs,L1,622297
HiSeq4000_LAB03_Son_REP02,SNPs,L2,115285
HiSeq4000_LAB03_Son_REP02,SNPs,lowcomplexity,5060
HiSeq4000_LAB03_Son_REP02,SNPs,LTR,341151
HiSeq4000_LAB03_Son_REP02,SNPs,satellite,2569
HiSeq4000_LAB03_Son_REP02,SNPs,simplerepeat,34217
HiSeq4000_LAB03_Son_REP03,nonSNPs,Alu,99881
HiSeq4000_LAB03_Son_REP03,nonSNPs,L1,81484
HiSeq4000_LAB03_Son_REP03,nonSNPs,L2,11013
HiSeq4000_LAB03_Son_REP03,nonSNPs,lowcomplexity,4389
HiSeq4000_LAB03_Son_REP03,nonSNPs,LTR,29070
HiSeq4000_LAB03_Son_REP03,nonSNPs,satellite,250
HiSeq4000_LAB03_Son_REP03,nonSNPs,simplerepeat,75840
HiSeq4000_LAB03_Son_REP03,SNPs,Alu,422664
HiSeq4000_LAB03_Son_REP03,SNPs,L1,623081
HiSeq4000_LAB03_Son_REP03,SNPs,L2,115321
HiSeq4000_LAB03_Son_REP03,SNPs,lowcomplexity,5057
HiSeq4000_LAB03_Son_REP03,SNPs,LTR,341346
HiSeq4000_LAB03_Son_REP03,SNPs,satellite,2572
HiSeq4000_LAB03_Son_REP03,SNPs,simplerepeat,34234
HiSeqX10_LAB01_Father_REP01,nonSNPs,Alu,102898
HiSeqX10_LAB01_Father_REP01,nonSNPs,L1,80515
HiSeqX10_LAB01_Father_REP01,nonSNPs,L2,10844
HiSeqX10_LAB01_Father_REP01,nonSNPs,lowcomplexity,3902
HiSeqX10_LAB01_Father_REP01,nonSNPs,LTR,28590
HiSeqX10_LAB01_Father_REP01,nonSNPs,satellite,148
HiSeqX10_LAB01_Father_REP01,nonSNPs,simplerepeat,69496
HiSeqX10_LAB01_Father_REP01,SNPs,Alu,415741
HiSeqX10_LAB01_Father_REP01,SNPs,L1,616589
HiSeqX10_LAB01_Father_REP01,SNPs,L2,114931
HiSeqX10_LAB01_Father_REP01,SNPs,lowcomplexity,4650
HiSeqX10_LAB01_Father_REP01,SNPs,LTR,336128
HiSeqX10_LAB01_Father_REP01,SNPs,satellite,1863
HiSeqX10_LAB01_Father_REP01,SNPs,simplerepeat,30989
HiSeqX10_LAB01_Mother_REP01,nonSNPs,Alu,105219
HiSeqX10_LAB01_Mother_REP01,nonSNPs,L1,81503
HiSeqX10_LAB01_Mother_REP01,nonSNPs,L2,11058
HiSeqX10_LAB01_Mother_REP01,nonSNPs,lowcomplexity,3867
HiSeqX10_LAB01_Mother_REP01,nonSNPs,LTR,28956
HiSeqX10_LAB01_Mother_REP01,nonSNPs,satellite,150
HiSeqX10_LAB01_Mother_REP01,nonSNPs,simplerepeat,70450
HiSeqX10_LAB01_Mother_REP01,SNPs,Alu,415637
HiSeqX10_LAB01_Mother_REP01,SNPs,L1,623594
HiSeqX10_LAB01_Mother_REP01,SNPs,L2,115863
HiSeqX10_LAB01_Mother_REP01,SNPs,lowcomplexity,4614
HiSeqX10_LAB01_Mother_REP01,SNPs,LTR,339869
HiSeqX10_LAB01_Mother_REP01,SNPs,satellite,1858
HiSeqX10_LAB01_Mother_REP01,SNPs,simplerepeat,30933
HiSeqX10_LAB01_Son_REP01,nonSNPs,Alu,106963
HiSeqX10_LAB01_Son_REP01,nonSNPs,L1,82757
HiSeqX10_LAB01_Son_REP01,nonSNPs,L2,11154
HiSeqX10_LAB01_Son_REP01,nonSNPs,lowcomplexity,4499
HiSeqX10_LAB01_Son_REP01,nonSNPs,LTR,29413
HiSeqX10_LAB01_Son_REP01,nonSNPs,satellite,254
HiSeqX10_LAB01_Son_REP01,nonSNPs,simplerepeat,77389
HiSeqX10_LAB01_Son_REP01,SNPs,Alu,423100
HiSeqX10_LAB01_Son_REP01,SNPs,L1,621245
HiSeqX10_LAB01_Son_REP01,SNPs,L2,115268
HiSeqX10_LAB01_Son_REP01,SNPs,lowcomplexity,5059
HiSeqX10_LAB01_Son_REP01,SNPs,LTR,340949
HiSeqX10_LAB01_Son_REP01,SNPs,satellite,2569
HiSeqX10_LAB01_Son_REP01,SNPs,simplerepeat,34301
HiSeqX10_LAB01_Son_REP02,nonSNPs,Alu,106826
HiSeqX10_LAB01_Son_REP02,nonSNPs,L1,82855
HiSeqX10_LAB01_Son_REP02,nonSNPs,L2,11164
HiSeqX10_LAB01_Son_REP02,nonSNPs,lowcomplexity,4483
HiSeqX10_LAB01_Son_REP02,nonSNPs,LTR,29406
HiSeqX10_LAB01_Son_REP02,nonSNPs,satellite,254
HiSeqX10_LAB01_Son_REP02,nonSNPs,simplerepeat,77410
HiSeqX10_LAB01_Son_REP02,SNPs,Alu,423147
HiSeqX10_LAB01_Son_REP02,SNPs,L1,622640
HiSeqX10_LAB01_Son_REP02,SNPs,L2,115303
HiSeqX10_LAB01_Son_REP02,SNPs,lowcomplexity,5062
HiSeqX10_LAB01_Son_REP02,SNPs,LTR,341014
HiSeqX10_LAB01_Son_REP02,SNPs,satellite,2563
HiSeqX10_LAB01_Son_REP02,SNPs,simplerepeat,34297
HiSeqX10_LAB01_Son_REP03,nonSNPs,Alu,106994
HiSeqX10_LAB01_Son_REP03,nonSNPs,L1,82625
HiSeqX10_LAB01_Son_REP03,nonSNPs,L2,11155
HiSeqX10_LAB01_Son_REP03,nonSNPs,lowcomplexity,4489
HiSeqX10_LAB01_Son_REP03,nonSNPs,LTR,29417
HiSeqX10_LAB01_Son_REP03,nonSNPs,satellite,255
HiSeqX10_LAB01_Son_REP03,nonSNPs,simplerepeat,77233
HiSeqX10_LAB01_Son_REP03,SNPs,Alu,423203
HiSeqX10_LAB01_Son_REP03,SNPs,L1,621043
HiSeqX10_LAB01_Son_REP03,SNPs,L2,115271
HiSeqX10_LAB01_Son_REP03,SNPs,lowcomplexity,5066
HiSeqX10_LAB01_Son_REP03,SNPs,LTR,340992
HiSeqX10_LAB01_Son_REP03,SNPs,satellite,2564
HiSeqX10_LAB01_Son_REP03,SNPs,simplerepeat,34278
HiSeqX10_LAB02_Father_REP01,nonSNPs,Alu,102190
HiSeqX10_LAB02_Father_REP01,nonSNPs,L1,80354
HiSeqX10_LAB02_Father_REP01,nonSNPs,L2,10829
HiSeqX10_LAB02_Father_REP01,nonSNPs,lowcomplexity,3921
HiSeqX10_LAB02_Father_REP01,nonSNPs,LTR,28534
HiSeqX10_LAB02_Father_REP01,nonSNPs,satellite,147
HiSeqX10_LAB02_Father_REP01,nonSNPs,simplerepeat,69425
HiSeqX10_LAB02_Father_REP01,SNPs,Alu,415737
HiSeqX10_LAB02_Father_REP01,SNPs,L1,617000
HiSeqX10_LAB02_Father_REP01,SNPs,L2,114922
HiSeqX10_LAB02_Father_REP01,SNPs,lowcomplexity,4654
HiSeqX10_LAB02_Father_REP01,SNPs,LTR,336224
HiSeqX10_LAB02_Father_REP01,SNPs,satellite,1868
HiSeqX10_LAB02_Father_REP01,SNPs,simplerepeat,31006
HiSeqX10_LAB02_Mother_REP01,nonSNPs,Alu,104512
HiSeqX10_LAB02_Mother_REP01,nonSNPs,L1,81210
HiSeqX10_LAB02_Mother_REP01,nonSNPs,L2,11014
HiSeqX10_LAB02_Mother_REP01,nonSNPs,lowcomplexity,3838
HiSeqX10_LAB02_Mother_REP01,nonSNPs,LTR,28885
HiSeqX10_LAB02_Mother_REP01,nonSNPs,satellite,150
HiSeqX10_LAB02_Mother_REP01,nonSNPs,simplerepeat,70028
HiSeqX10_LAB02_Mother_REP01,SNPs,Alu,415609
HiSeqX10_LAB02_Mother_REP01,SNPs,L1,623579
HiSeqX10_LAB02_Mother_REP01,SNPs,L2,115855
HiSeqX10_LAB02_Mother_REP01,SNPs,lowcomplexity,4612
HiSeqX10_LAB02_Mother_REP01,SNPs,LTR,340044
HiSeqX10_LAB02_Mother_REP01,SNPs,satellite,1856
HiSeqX10_LAB02_Mother_REP01,SNPs,simplerepeat,30915
HiSeqX10_LAB02_Son_REP01,nonSNPs,Alu,106325
HiSeqX10_LAB02_Son_REP01,nonSNPs,L1,82529
HiSeqX10_LAB02_Son_REP01,nonSNPs,L2,11136
HiSeqX10_LAB02_Son_REP01,nonSNPs,lowcomplexity,4486
HiSeqX10_LAB02_Son_REP01,nonSNPs,LTR,29350
HiSeqX10_LAB02_Son_REP01,nonSNPs,satellite,250
HiSeqX10_LAB02_Son_REP01,nonSNPs,simplerepeat,76897
HiSeqX10_LAB02_Son_REP01,SNPs,Alu,423280
HiSeqX10_LAB02_Son_REP01,SNPs,L1,621819
HiSeqX10_LAB02_Son_REP01,SNPs,L2,115288
HiSeqX10_LAB02_Son_REP01,SNPs,lowcomplexity,5066
HiSeqX10_LAB02_Son_REP01,SNPs,LTR,341213
HiSeqX10_LAB02_Son_REP01,SNPs,satellite,2569
HiSeqX10_LAB02_Son_REP01,SNPs,simplerepeat,34253
HiSeqX10_LAB02_Son_REP02,nonSNPs,Alu,106310
HiSeqX10_LAB02_Son_REP02,nonSNPs,L1,82666
HiSeqX10_LAB02_Son_REP02,nonSNPs,L2,11146
HiSeqX10_LAB02_Son_REP02,nonSNPs,lowcomplexity,4493
HiSeqX10_LAB02_Son_REP02,nonSNPs,LTR,29394
HiSeqX10_LAB02_Son_REP02,nonSNPs,satellite,253
HiSeqX10_LAB02_Son_REP02,nonSNPs,simplerepeat,77168
HiSeqX10_LAB02_Son_REP02,SNPs,Alu,423203
HiSeqX10_LAB02_Son_REP02,SNPs,L1,622190
HiSeqX10_LAB02_Son_REP02,SNPs,L2,115288
HiSeqX10_LAB02_Son_REP02,SNPs,lowcomplexity,5061
HiSeqX10_LAB02_Son_REP02,SNPs,LTR,341175
HiSeqX10_LAB02_Son_REP02,SNPs,satellite,2569
HiSeqX10_LAB02_Son_REP02,SNPs,simplerepeat,34288
HiSeqX10_LAB02_Son_REP03,nonSNPs,Alu,106305
HiSeqX10_LAB02_Son_REP03,nonSNPs,L1,82615
HiSeqX10_LAB02_Son_REP03,nonSNPs,L2,11145
HiSeqX10_LAB02_Son_REP03,nonSNPs,lowcomplexity,4481
HiSeqX10_LAB02_Son_REP03,nonSNPs,LTR,29364
HiSeqX10_LAB02_Son_REP03,nonSNPs,satellite,252
HiSeqX10_LAB02_Son_REP03,nonSNPs,simplerepeat,77069
HiSeqX10_LAB02_Son_REP03,SNPs,Alu,423308
HiSeqX10_LAB02_Son_REP03,SNPs,L1,622838
HiSeqX10_LAB02_Son_REP03,SNPs,L2,115295
HiSeqX10_LAB02_Son_REP03,SNPs,lowcomplexity,5067
HiSeqX10_LAB02_Son_REP03,SNPs,LTR,341291
HiSeqX10_LAB02_Son_REP03,SNPs,satellite,2566
HiSeqX10_LAB02_Son_REP03,SNPs,simplerepeat,34266
MGISEQ2000_LAB01_Father_REP01,nonSNPs,Alu,103209
MGISEQ2000_LAB01_Father_REP01,nonSNPs,L1,80451
MGISEQ2000_LAB01_Father_REP01,nonSNPs,L2,10839
MGISEQ2000_LAB01_Father_REP01,nonSNPs,lowcomplexity,3870
MGISEQ2000_LAB01_Father_REP01,nonSNPs,LTR,28595
MGISEQ2000_LAB01_Father_REP01,nonSNPs,satellite,146
MGISEQ2000_LAB01_Father_REP01,nonSNPs,simplerepeat,69106
MGISEQ2000_LAB01_Father_REP01,SNPs,Alu,415869
MGISEQ2000_LAB01_Father_REP01,SNPs,L1,617393
MGISEQ2000_LAB01_Father_REP01,SNPs,L2,114939
MGISEQ2000_LAB01_Father_REP01,SNPs,lowcomplexity,4646
MGISEQ2000_LAB01_Father_REP01,SNPs,LTR,336327
MGISEQ2000_LAB01_Father_REP01,SNPs,satellite,1864
MGISEQ2000_LAB01_Father_REP01,SNPs,simplerepeat,30861
MGISEQ2000_LAB01_Mother_REP01,nonSNPs,Alu,105339
MGISEQ2000_LAB01_Mother_REP01,nonSNPs,L1,81373
MGISEQ2000_LAB01_Mother_REP01,nonSNPs,L2,11015
MGISEQ2000_LAB01_Mother_REP01,nonSNPs,lowcomplexity,3809
MGISEQ2000_LAB01_Mother_REP01,nonSNPs,LTR,28922
MGISEQ2000_LAB01_Mother_REP01,nonSNPs,satellite,151
MGISEQ2000_LAB01_Mother_REP01,nonSNPs,simplerepeat,69710
MGISEQ2000_LAB01_Mother_REP01,SNPs,Alu,415616
MGISEQ2000_LAB01_Mother_REP01,SNPs,L1,623905
MGISEQ2000_LAB01_Mother_REP01,SNPs,L2,115831
MGISEQ2000_LAB01_Mother_REP01,SNPs,lowcomplexity,4581
MGISEQ2000_LAB01_Mother_REP01,SNPs,LTR,339970
MGISEQ2000_LAB01_Mother_REP01,SNPs,satellite,1865
MGISEQ2000_LAB01_Mother_REP01,SNPs,simplerepeat,30724
MGISEQ2000_LAB01_Mother_REP02,nonSNPs,Alu,105401
MGISEQ2000_LAB01_Mother_REP02,nonSNPs,L1,81238
MGISEQ2000_LAB01_Mother_REP02,nonSNPs,L2,11011
MGISEQ2000_LAB01_Mother_REP02,nonSNPs,lowcomplexity,3825
MGISEQ2000_LAB01_Mother_REP02,nonSNPs,LTR,28897
MGISEQ2000_LAB01_Mother_REP02,nonSNPs,satellite,150
MGISEQ2000_LAB01_Mother_REP02,nonSNPs,simplerepeat,69408
MGISEQ2000_LAB01_Mother_REP02,SNPs,Alu,415583
MGISEQ2000_LAB01_Mother_REP02,SNPs,L1,622660
MGISEQ2000_LAB01_Mother_REP02,SNPs,L2,115829
MGISEQ2000_LAB01_Mother_REP02,SNPs,lowcomplexity,4597
MGISEQ2000_LAB01_Mother_REP02,SNPs,LTR,339900
MGISEQ2000_LAB01_Mother_REP02,SNPs,satellite,1859
MGISEQ2000_LAB01_Mother_REP02,SNPs,simplerepeat,30593
MGISEQ2000_LAB01_Son_REP01,nonSNPs,Alu,107138
MGISEQ2000_LAB01_Son_REP01,nonSNPs,L1,82736
MGISEQ2000_LAB01_Son_REP01,nonSNPs,L2,11155
MGISEQ2000_LAB01_Son_REP01,nonSNPs,lowcomplexity,4412
MGISEQ2000_LAB01_Son_REP01,nonSNPs,LTR,29431
MGISEQ2000_LAB01_Son_REP01,nonSNPs,satellite,251
MGISEQ2000_LAB01_Son_REP01,nonSNPs,simplerepeat,76582
MGISEQ2000_LAB01_Son_REP01,SNPs,Alu,423337
MGISEQ2000_LAB01_Son_REP01,SNPs,L1,623294
MGISEQ2000_LAB01_Son_REP01,SNPs,L2,115290
MGISEQ2000_LAB01_Son_REP01,SNPs,lowcomplexity,5046
MGISEQ2000_LAB01_Son_REP01,SNPs,LTR,341368
MGISEQ2000_LAB01_Son_REP01,SNPs,satellite,2573
MGISEQ2000_LAB01_Son_REP01,SNPs,simplerepeat,33995
NovaSeq2x150_LAB01_Father_REP01,nonSNPs,Alu,102873
NovaSeq2x150_LAB01_Father_REP01,nonSNPs,L1,80606
NovaSeq2x150_LAB01_Father_REP01,nonSNPs,L2,10844
NovaSeq2x150_LAB01_Father_REP01,nonSNPs,lowcomplexity,3898
NovaSeq2x150_LAB01_Father_REP01,nonSNPs,LTR,28608
NovaSeq2x150_LAB01_Father_REP01,nonSNPs,satellite,145
NovaSeq2x150_LAB01_Father_REP01,nonSNPs,simplerepeat,69492
NovaSeq2x150_LAB01_Father_REP01,SNPs,Alu,415987
NovaSeq2x150_LAB01_Father_REP01,SNPs,L1,619359
NovaSeq2x150_LAB01_Father_REP01,SNPs,L2,114991
NovaSeq2x150_LAB01_Father_REP01,SNPs,lowcomplexity,4660
NovaSeq2x150_LAB01_Father_REP01,SNPs,LTR,336561
NovaSeq2x150_LAB01_Father_REP01,SNPs,satellite,1873
NovaSeq2x150_LAB01_Father_REP01,SNPs,simplerepeat,30998
NovaSeq2x150_LAB01_Mother_REP01,nonSNPs,Alu,105121
NovaSeq2x150_LAB01_Mother_REP01,nonSNPs,L1,81530
NovaSeq2x150_LAB01_Mother_REP01,nonSNPs,L2,11033
NovaSeq2x150_LAB01_Mother_REP01,nonSNPs,lowcomplexity,3845
NovaSeq2x150_LAB01_Mother_REP01,nonSNPs,LTR,28948
NovaSeq2x150_LAB01_Mother_REP01,nonSNPs,satellite,151
NovaSeq2x150_LAB01_Mother_REP01,nonSNPs,simplerepeat,70286
NovaSeq2x150_LAB01_Mother_REP01,SNPs,Alu,415763
NovaSeq2x150_LAB01_Mother_REP01,SNPs,L1,625718
NovaSeq2x150_LAB01_Mother_REP01,SNPs,L2,115885
NovaSeq2x150_LAB01_Mother_REP01,SNPs,lowcomplexity,4610
NovaSeq2x150_LAB01_Mother_REP01,SNPs,LTR,340214
NovaSeq2x150_LAB01_Mother_REP01,SNPs,satellite,1864
NovaSeq2x150_LAB01_Mother_REP01,SNPs,simplerepeat,30908
NovaSeq2x150_LAB01_Son_REP01,nonSNPs,Alu,106723
NovaSeq2x150_LAB01_Son_REP01,nonSNPs,L1,82836
NovaSeq2x150_LAB01_Son_REP01,nonSNPs,L2,11161
NovaSeq2x150_LAB01_Son_REP01,nonSNPs,lowcomplexity,4448
NovaSeq2x150_LAB01_Son_REP01,nonSNPs,LTR,29385
NovaSeq2x150_LAB01_Son_REP01,nonSNPs,satellite,252
NovaSeq2x150_LAB01_Son_REP01,nonSNPs,simplerepeat,76908
NovaSeq2x150_LAB01_Son_REP01,SNPs,Alu,423415
NovaSeq2x150_LAB01_Son_REP01,SNPs,L1,625153
NovaSeq2x150_LAB01_Son_REP01,SNPs,L2,115340
NovaSeq2x150_LAB01_Son_REP01,SNPs,lowcomplexity,5053
NovaSeq2x150_LAB01_Son_REP01,SNPs,LTR,341511
NovaSeq2x150_LAB01_Son_REP01,SNPs,satellite,2573
NovaSeq2x150_LAB01_Son_REP01,SNPs,simplerepeat,34281
NovaSeq2x150_LAB02_Father_REP01,nonSNPs,Alu,102626
NovaSeq2x150_LAB02_Father_REP01,nonSNPs,L1,80484
NovaSeq2x150_LAB02_Father_REP01,nonSNPs,L2,10837
NovaSeq2x150_LAB02_Father_REP01,nonSNPs,lowcomplexity,3896
NovaSeq2x150_LAB02_Father_REP01,nonSNPs,LTR,28593
NovaSeq2x150_LAB02_Father_REP01,nonSNPs,satellite,148
NovaSeq2x150_LAB02_Father_REP01,nonSNPs,simplerepeat,69335
NovaSeq2x150_LAB02_Father_REP01,SNPs,Alu,415946
NovaSeq2x150_LAB02_Father_REP01,SNPs,L1,618455
NovaSeq2x150_LAB02_Father_REP01,SNPs,L2,114957
NovaSeq2x150_LAB02_Father_REP01,SNPs,lowcomplexity,4652
NovaSeq2x150_LAB02_Father_REP01,SNPs,LTR,336475
NovaSeq2x150_LAB02_Father_REP01,SNPs,satellite,1870
NovaSeq2x150_LAB02_Father_REP01,SNPs,simplerepeat,30982
NovaSeq2x150_LAB02_Mother_REP01,nonSNPs,Alu,104892
NovaSeq2x150_LAB02_Mother_REP01,nonSNPs,L1,81425
NovaSeq2x150_LAB02_Mother_REP01,nonSNPs,L2,11028
NovaSeq2x150_LAB02_Mother_REP01,nonSNPs,lowcomplexity,3864
NovaSeq2x150_LAB02_Mother_REP01,nonSNPs,LTR,28908
NovaSeq2x150_LAB02_Mother_REP01,nonSNPs,satellite,151
NovaSeq2x150_LAB02_Mother_REP01,nonSNPs,simplerepeat,70212
NovaSeq2x150_LAB02_Mother_REP01,SNPs,Alu,415729
NovaSeq2x150_LAB02_Mother_REP01,SNPs,L1,624848
NovaSeq2x150_LAB02_Mother_REP01,SNPs,L2,115889
NovaSeq2x150_LAB02_Mother_REP01,SNPs,lowcomplexity,4616
NovaSeq2x150_LAB02_Mother_REP01,SNPs,LTR,340189
NovaSeq2x150_LAB02_Mother_REP01,SNPs,satellite,1863
NovaSeq2x150_LAB02_Mother_REP01,SNPs,simplerepeat,30927
NovaSeq2x150_LAB02_Son_REP01,nonSNPs,Alu,106297
NovaSeq2x150_LAB02_Son_REP01,nonSNPs,L1,82551
NovaSeq2x150_LAB02_Son_REP01,nonSNPs,L2,11133
NovaSeq2x150_LAB02_Son_REP01,nonSNPs,lowcomplexity,4417
NovaSeq2x150_LAB02_Son_REP01,nonSNPs,LTR,29325
NovaSeq2x150_LAB02_Son_REP01,nonSNPs,satellite,251
NovaSeq2x150_LAB02_Son_REP01,nonSNPs,simplerepeat,76479
NovaSeq2x150_LAB02_Son_REP01,SNPs,Alu,423078
NovaSeq2x150_LAB02_Son_REP01,SNPs,L1,623617
NovaSeq2x150_LAB02_Son_REP01,SNPs,L2,115256
NovaSeq2x150_LAB02_Son_REP01,SNPs,lowcomplexity,5049
NovaSeq2x150_LAB02_Son_REP01,SNPs,LTR,341254
NovaSeq2x150_LAB02_Son_REP01,SNPs,satellite,2572
NovaSeq2x150_LAB02_Son_REP01,SNPs,simplerepeat,34226
NovaSeq2x250_LAB02_Father_REP01,nonSNPs,Alu,103093
NovaSeq2x250_LAB02_Father_REP01,nonSNPs,L1,80831
NovaSeq2x250_LAB02_Father_REP01,nonSNPs,L2,10850
NovaSeq2x250_LAB02_Father_REP01,nonSNPs,lowcomplexity,3916
NovaSeq2x250_LAB02_Father_REP01,nonSNPs,LTR,28649
NovaSeq2x250_LAB02_Father_REP01,nonSNPs,satellite,148
NovaSeq2x250_LAB02_Father_REP01,nonSNPs,simplerepeat,69718
NovaSeq2x250_LAB02_Father_REP01,SNPs,Alu,416220
NovaSeq2x250_LAB02_Father_REP01,SNPs,L1,622874
NovaSeq2x250_LAB02_Father_REP01,SNPs,L2,115037
NovaSeq2x250_LAB02_Father_REP01,SNPs,lowcomplexity,4645
NovaSeq2x250_LAB02_Father_REP01,SNPs,LTR,336865
NovaSeq2x250_LAB02_Father_REP01,SNPs,satellite,1872
NovaSeq2x250_LAB02_Father_REP01,SNPs,simplerepeat,31014
NovaSeq2x250_LAB02_Mother_REP01,nonSNPs,Alu,105419
NovaSeq2x250_LAB02_Mother_REP01,nonSNPs,L1,81858
NovaSeq2x250_LAB02_Mother_REP01,nonSNPs,L2,11056
NovaSeq2x250_LAB02_Mother_REP01,nonSNPs,lowcomplexity,3870
NovaSeq2x250_LAB02_Mother_REP01,nonSNPs,LTR,29016
NovaSeq2x250_LAB02_Mother_REP01,nonSNPs,satellite,151
NovaSeq2x250_LAB02_Mother_REP01,nonSNPs,simplerepeat,70715
NovaSeq2x250_LAB02_Mother_REP01,SNPs,Alu,416038
NovaSeq2x250_LAB02_Mother_REP01,SNPs,L1,629370
NovaSeq2x250_LAB02_Mother_REP01,SNPs,L2,115990
NovaSeq2x250_LAB02_Mother_REP01,SNPs,lowcomplexity,4614
NovaSeq2x250_LAB02_Mother_REP01,SNPs,LTR,340544
NovaSeq2x250_LAB02_Mother_REP01,SNPs,satellite,1866
NovaSeq2x250_LAB02_Mother_REP01,SNPs,simplerepeat,30951
NovaSeq2x250_LAB02_Son_REP01,nonSNPs,Alu,106991
NovaSeq2x250_LAB02_Son_REP01,nonSNPs,L1,83174
NovaSeq2x250_LAB02_Son_REP01,nonSNPs,L2,11169
NovaSeq2x250_LAB02_Son_REP01,nonSNPs,lowcomplexity,4457
NovaSeq2x250_LAB02_Son_REP01,nonSNPs,LTR,29496
NovaSeq2x250_LAB02_Son_REP01,nonSNPs,satellite,255
NovaSeq2x250_LAB02_Son_REP01,nonSNPs,simplerepeat,77404
NovaSeq2x250_LAB02_Son_REP01,SNPs,Alu,423710
NovaSeq2x250_LAB02_Son_REP01,SNPs,L1,628637
NovaSeq2x250_LAB02_Son_REP01,SNPs,L2,115408
NovaSeq2x250_LAB02_Son_REP01,SNPs,lowcomplexity,5056
NovaSeq2x250_LAB02_Son_REP01,SNPs,LTR,341856
NovaSeq2x250_LAB02_Son_REP01,SNPs,satellite,2575
NovaSeq2x250_LAB02_Son_REP01,SNPs,simplerepeat,34310
PacBio_LAB01_Son_REP01-10kb,nonSNPs,Alu,76264
PacBio_LAB01_Son_REP01-10kb,nonSNPs,L1,74770
PacBio_LAB01_Son_REP01-10kb,nonSNPs,L2,10202
PacBio_LAB01_Son_REP01-10kb,nonSNPs,lowcomplexity,3736
PacBio_LAB01_Son_REP01-10kb,nonSNPs,LTR,26760
PacBio_LAB01_Son_REP01-10kb,nonSNPs,satellite,240
PacBio_LAB01_Son_REP01-10kb,nonSNPs,simplerepeat,67259
PacBio_LAB01_Son_REP01-10kb,SNPs,Alu,416992
PacBio_LAB01_Son_REP01-10kb,SNPs,L1,625787
PacBio_LAB01_Son_REP01-10kb,SNPs,L2,114248
PacBio_LAB01_Son_REP01-10kb,SNPs,lowcomplexity,4911
PacBio_LAB01_Son_REP01-10kb,SNPs,LTR,337784
PacBio_LAB01_Son_REP01-10kb,SNPs,satellite,2552
PacBio_LAB01_Son_REP01-10kb,SNPs,simplerepeat,32368
PacBio_LAB02_Son_REP01-11kb,nonSNPs,Alu,79241
PacBio_LAB02_Son_REP01-11kb,nonSNPs,L1,76069
PacBio_LAB02_Son_REP01-11kb,nonSNPs,L2,10304
PacBio_LAB02_Son_REP01-11kb,nonSNPs,lowcomplexity,3832
PacBio_LAB02_Son_REP01-11kb,nonSNPs,LTR,26914
PacBio_LAB02_Son_REP01-11kb,nonSNPs,satellite,222
PacBio_LAB02_Son_REP01-11kb,nonSNPs,simplerepeat,67406
PacBio_LAB02_Son_REP01-11kb,SNPs,Alu,415622
PacBio_LAB02_Son_REP01-11kb,SNPs,L1,623173
PacBio_LAB02_Son_REP01-11kb,SNPs,L2,113990
PacBio_LAB02_Son_REP01-11kb,SNPs,lowcomplexity,4878
PacBio_LAB02_Son_REP01-11kb,SNPs,LTR,335987
PacBio_LAB02_Son_REP01-11kb,SNPs,satellite,2393
PacBio_LAB02_Son_REP01-11kb,SNPs,simplerepeat,32137
PacBio_LAB03_Son_REP01-15kb20kb,nonSNPs,Alu,79462
PacBio_LAB03_Son_REP01-15kb20kb,nonSNPs,L1,76247
PacBio_LAB03_Son_REP01-15kb20kb,nonSNPs,L2,10321
PacBio_LAB03_Son_REP01-15kb20kb,nonSNPs,lowcomplexity,3824
PacBio_LAB03_Son_REP01-15kb20kb,nonSNPs,LTR,27008
PacBio_LAB03_Son_REP01-15kb20kb,nonSNPs,satellite,239
PacBio_LAB03_Son_REP01-15kb20kb,nonSNPs,simplerepeat,66744
PacBio_LAB03_Son_REP01-15kb20kb,SNPs,Alu,416597
PacBio_LAB03_Son_REP01-15kb20kb,SNPs,L1,624760
PacBio_LAB03_Son_REP01-15kb20kb,SNPs,L2,114120
PacBio_LAB03_Son_REP01-15kb20kb,SNPs,lowcomplexity,4899
PacBio_LAB03_Son_REP01-15kb20kb,SNPs,LTR,336828
PacBio_LAB03_Son_REP01-15kb20kb,SNPs,satellite,2546
PacBio_LAB03_Son_REP01-15kb20kb,SNPs,simplerepeat,32012
Nanopore_LAB01_Son_REP01,nonSNPs,Alu,14250
Nanopore_LAB01_Son_REP01,nonSNPs,L1,27179
Nanopore_LAB01_Son_REP01,nonSNPs,L2,4703
Nanopore_LAB01_Son_REP01,nonSNPs,lowcomplexity,682
Nanopore_LAB01_Son_REP01,nonSNPs,LTR,11514
Nanopore_LAB01_Son_REP01,nonSNPs,satellite,107
Nanopore_LAB01_Son_REP01,nonSNPs,simplerepeat,9219
Nanopore_LAB01_Son_REP01,SNPs,Alu,393850
Nanopore_LAB01_Son_REP01,SNPs,L1,596820
Nanopore_LAB01_Son_REP01,SNPs,L2,109235
Nanopore_LAB01_Son_REP01,SNPs,lowcomplexity,4164
Nanopore_LAB01_Son_REP01,SNPs,LTR,320474
Nanopore_LAB01_Son_REP01,SNPs,satellite,2374
Nanopore_LAB01_Son_REP01,SNPs,simplerepeat,23706
Nanopore_LAB02_Son_REP01,nonSNPs,Alu,14252
Nanopore_LAB02_Son_REP01,nonSNPs,L1,27237
Nanopore_LAB02_Son_REP01,nonSNPs,L2,4706
Nanopore_LAB02_Son_REP01,nonSNPs,lowcomplexity,672
Nanopore_LAB02_Son_REP01,nonSNPs,LTR,11524
Nanopore_LAB02_Son_REP01,nonSNPs,satellite,107
Nanopore_LAB02_Son_REP01,nonSNPs,simplerepeat,9217
Nanopore_LAB02_Son_REP01,SNPs,Alu,394400
Nanopore_LAB02_Son_REP01,SNPs,L1,597698
Nanopore_LAB02_Son_REP01,SNPs,L2,109466
Nanopore_LAB02_Son_REP01,SNPs,lowcomplexity,4158
Nanopore_LAB02_Son_REP01,SNPs,LTR,321070
Nanopore_LAB02_Son_REP01,SNPs,satellite,2364
Nanopore_LAB02_Son_REP01,SNPs,simplerepeat,23672
Nanopore_LAB03_Son_REP01,nonSNPs,Alu,13825
Nanopore_LAB03_Son_REP01,nonSNPs,L1,26941
Nanopore_LAB03_Son_REP01,nonSNPs,L2,4701
Nanopore_LAB03_Son_REP01,nonSNPs,lowcomplexity,624
Nanopore_LAB03_Son_REP01,nonSNPs,LTR,11574
Nanopore_LAB03_Son_REP01,nonSNPs,satellite,109
Nanopore_LAB03_Son_REP01,nonSNPs,simplerepeat,8976
Nanopore_LAB03_Son_REP01,SNPs,Alu,390646
Nanopore_LAB03_Son_REP01,SNPs,L1,594598
Nanopore_LAB03_Son_REP01,SNPs,L2,109150
Nanopore_LAB03_Son_REP01,SNPs,lowcomplexity,4059
Nanopore_LAB03_Son_REP01,SNPs,LTR,320423
Nanopore_LAB03_Son_REP01,SNPs,satellite,2393
Nanopore_LAB03_Son_REP01,SNPs,simplerepeat,23486
